testuser,0.17389313737782658,0.1464869837192892,0.004161408395775447,0.07400873576841731,1488739118,5
testuser,0.17389313737782658,0.1464869837192892,0.004161408395775447,0.07400873576841731,1488739118,5
testuser,0.17389313737782658,0.1464869837192892,0.004161408395775447,0.07400873576841731,1488739171,5
testuser,0.17389313737782658,0.1464869837192892,0.004161408395775447,0.07400873576841731,1488739171,5
testuser,NaN,NaN,NaN,NaN,1488739164637,5
testuser,NaN,NaN,NaN,NaN,1488739164736,5
testuser,NaN,NaN,NaN,NaN,1488739164836,5
testuser,NaN,NaN,NaN,NaN,1488739164937,5
testuser,NaN,NaN,NaN,NaN,1488739165037,5
testuser,NaN,NaN,NaN,NaN,1488739165137,5
testuser,NaN,NaN,NaN,NaN,1488739165238,5
testuser,NaN,NaN,NaN,NaN,1488739165338,5
testuser,NaN,NaN,NaN,NaN,1488739165439,5
testuser,NaN,NaN,NaN,NaN,1488739165540,5
testuser,NaN,NaN,NaN,NaN,1488739165641,5
testuser,NaN,NaN,NaN,NaN,1488739165742,5
testuser,NaN,NaN,NaN,NaN,1488739165841,5
testuser,NaN,NaN,NaN,NaN,1488739165942,5
testuser,NaN,NaN,NaN,NaN,1488739166046,5
testuser,NaN,NaN,NaN,NaN,1488739166145,5
testuser,NaN,NaN,NaN,NaN,1488739166246,5
testuser,NaN,NaN,NaN,NaN,1488739166346,5
testuser,NaN,0.132210784435287,0.025695207116940243,NaN,1488739166447,5
testuser,NaN,0.13375279633088283,0.024076597514828744,NaN,1488739166547,5
testuser,NaN,0.13210798628487513,0.02364623284384297,NaN,1488739166648,5
testuser,NaN,0.129113936472949,0.02412678750298774,NaN,1488739166750,5
testuser,0.19712907801852791,0.12597449089955795,0.025282696120425482,NaN,1488739166851,5
testuser,0.20858510801497018,0.12329688839579823,0.02682672474735376,0.18531637126602785,1488739166951,5
testuser,0.21681233979406328,0.12023077351356916,0.028436543607478788,0.2046964377254589,1488739167054,5
testuser,0.22194293023186643,0.11607332488173815,0.030053608604882747,0.20947572102570391,1488739167154,5
testuser,0.22752661194101517,0.10937842742523193,0.031863213548694674,0.2048821848409549,1488739167255,5
testuser,0.23402163885401997,0.09741169933650107,0.033822389412218906,0.19936555111007143,1488739167354,5
testuser,0.24279958925537853,0.07970080467288958,0.03589921993776094,0.1950044145297444,1488739167455,5
testuser,0.2535614945261367,0.06322514640011734,0.03816144709436543,0.19355723204211941,1488739167556,5
testuser,0.26455111956940425,0.05080986715870909,0.04238524795288912,0.195320327313162,1488739167658,5
testuser,0.2754281063116299,0.04352050666000813,0.04752659562274029,0.19863301356576005,1488739167757,5
testuser,0.2850438045911356,0.039607803640386414,0.05619199877902166,0.2013129800771514,1488739167861,5
testuser,0.28736930147123824,0.03751408361304598,0.06890352130693533,0.19874691791364862,1488739167962,5
testuser,0.2761113659748052,0.03596679392345734,0.08270261305759523,0.18522802849615225,1488739168063,5
testuser,0.23519697767308947,0.03438072995712417,0.09531088590679522,0.16936846186266435,1488739168178,5
testuser,0.2016023839399782,0.03211086239370695,0.10856351487903317,0.15003455348203223,1488739168278,5
testuser,0.18530856102140073,0.029141831159250977,0.11740158543894663,0.13620134303095174,1488739168378,5
testuser,0.17453876249608938,0.026359003027603526,0.12044480128763072,0.1261017526713216,1488739168479,5
testuser,0.16851983330424963,0.024428330783846215,0.12213449612574151,0.11848907688641228,1488739168581,5
testuser,0.1658949516813686,0.02315480195385814,0.12475826072839961,0.1130949715247619,1488739168682,5
testuser,0.164089224511977,0.022237142146769792,0.12730189013105206,0.10984542482988581,1488739168783,5
testuser,0.1606310636752922,0.021383083925802824,0.12758107815584463,0.10676449373530246,1488739168883,5
testuser,0.15675286576097466,0.021058552153497497,0.12208803758364717,0.10355547533154943,1488739168984,5
testuser,0.15110650396198572,0.02146821363938397,0.10979028545231048,0.09876678094843028,1488739169085,5
testuser,0.14397439771518283,0.022237598471215987,0.09055506602763867,0.09146981866178594,1488739169187,5
testuser,0.1349749141731163,0.022638619143904463,0.07029820217398015,0.08273082683422217,1488739169288,5
testuser,0.12397933437707702,0.022233459641356878,0.054326551109568175,0.07401182519966851,1488739169390,5
testuser,0.11149771634821058,0.021339266347912833,0.04029145628609989,0.06899689594836274,1488739169491,5
testuser,0.09990847050972132,0.02016406487553379,0.027958207340054064,0.06975813032593599,1488739169592,5
testuser,0.09222605159444157,0.019033299578334818,0.018259701790819365,0.07760999471529909,1488739169693,5
testuser,0.0934787625452728,0.018531693858258386,0.012566891022232641,0.09309958412483058,1488739169796,5
testuser,0.1146831928580107,0.019054775426973796,0.010092440916518397,0.11913699598474044,1488739169898,5
testuser,0.25771853309294773,0.02063452085598603,0.009604394300517963,0.17045179026117724,1488739169999,5
testuser,0.35323599693003144,0.02350053141363945,0.010171882318275656,0.21726825560258278,1488739170100,5
testuser,0.38192332579058536,0.02734244314355531,0.011092719786694209,0.24145301733067803,1488739170201,5
testuser,0.3792421226900453,0.03127517387159848,0.011951476757939339,0.24648282621913742,1488739170302,5
testuser,0.36782226515553884,0.034075240232484746,0.012624403580375634,0.24665997964552816,1488739170403,5
testuser,0.34687541297100644,0.03501290359548026,0.013094418143425325,0.24035849920373475,1488739170504,5
testuser,0.3308027821883952,0.03487885008355584,0.013409601000770583,0.24420395880855061,1488739170622,5
testuser,0.32057693349044203,0.03470126899598346,0.013723622897956252,0.25493925101050896,1488739170723,5
testuser,0.3193748420228451,0.0350679107341264,0.014173583861290284,0.26915191408841027,1488739170824,5
testuser,0.32541054753344906,0.03599925015616575,0.014833429681689499,0.2833733172326247,1488739170925,5
testuser,0.33421497030353964,0.037293659939083054,0.015808530152364286,0.29451817417241055,1488739171026,5
testuser,0.3414988241697531,0.03888076993152129,0.017251120042750107,0.30244355671548323,1488739171128,5
testuser,0.3469559618798101,0.04121411194726413,0.01973026660545799,0.3064800937937476,1488739171232,5
testuser,0.35167975215607894,0.04468473461091602,0.023908841394910615,0.3084016955548535,1488739171333,5
testuser,0.35486242639749926,0.04914426829423705,0.03045627220481963,0.30868545036143125,1488739171435,5
testuser,0.3562465388182678,0.05276354852400871,0.03850934931678005,0.32237275307325136,1488739171535,5
testuser,0.34232366669167336,0.04676702498443139,0.04945626496305823,0.3109066904189607,1488739171645,5
testuser,0.34232366669167336,0.04676702498443139,0.04945626496305823,0.3109066904189607,1488739171746,5
testuser,0.34143597951893895,0.040058811782222814,0.04840368211850936,0.3157446791544739,1488739171847,5
testuser,0.3505965125704241,0.03619889124733358,0.04807381925998301,0.32841264860104086,1488739171949,5
testuser,0.3687492347796174,0.03569067648668832,0.050034720429166124,0.34136637383622037,1488739172050,5
testuser,0.3945751212376885,0.03989855383878076,0.05485197004408641,0.3520910394039442,1488739172163,5
testuser,0.39376714774089216,0.04233718128634044,0.05426781143137292,0.34710276599107515,1488739172278,5
testuser,0.39376714774089216,0.04233718128634044,0.05426781143137292,0.34710276599107515,1488739172379,5
testuser,0.3653471259430277,0.04516136369152511,0.051416330392448584,0.32679603302123106,1488739172496,5
testuser,0.3497657434055184,0.04585539029272031,0.05095228385465803,0.3197946475419391,1488739172608,5
testuser,0.3367771709790546,0.0468167039996216,0.04999925934944819,0.31676215962975307,1488739172717,5
testuser,0.3204561036677003,0.04793020028222887,0.04882018085186432,0.30979989422748183,1488739172819,5
testuser,0.30867755328259044,0.04839610324314064,0.04849377372142748,0.30855247293954785,1488739172921,5
testuser,0.3003397587884286,0.047530527906203976,0.04997009212423541,0.3123067448134876,1488739173041,5
testuser,0.29750472558620494,0.0455521726624185,0.05412481775802797,0.3254712519699042,1488739173146,5
testuser,0.29942521403726297,0.04301657144964223,0.060643473000011994,0.35668063752410034,1488739173247,5
testuser,0.30294461459567684,0.04008086949738302,0.0678922868641373,0.3888691265312796,1488739173348,5
testuser,0.30092496398773155,0.03738822363731388,0.0712893179876501,0.40124941670262565,1488739173450,5
testuser,0.28800303832150786,0.035011335161250344,0.0679661388128465,0.39749055530226696,1488739173552,5
testuser,0.2734108574718401,0.032509486069268956,0.06045776754100078,0.387778130018999,1488739173655,5
testuser,0.2636888049475369,0.029443004435993916,0.053281211223723056,0.37727200699004937,1488739173755,5
testuser,0.2660985409418766,0.02629104619072541,0.04836725566977326,0.3726768288165971,1488739173857,5
testuser,0.28150932943314594,0.023725279594615564,0.045721318045355966,0.3747430166865061,1488739173958,5
testuser,0.28964000229949205,0.022223126393019925,0.04462663487242277,0.3747430166865061,1488739174059,5
testuser,0.28964000229949205,0.02191770410274189,0.04442244146004887,0.3747430166865061,1488739174162,5
testuser,0.28964000229949205,0.021892468633113327,0.04350526874191312,0.3747430166865061,1488739174264,5
testuser,0.28964000229949205,0.020055761976866454,0.04038819647312033,0.3747430166865061,1488739174364,5
testuser,0.28964000229949205,0.016608729308973696,0.03414959652102617,0.3747430166865061,1488739174465,5
testuser,0.28964000229949205,0.01383702314096172,0.026287077072918406,0.3747430166865061,1488739174567,5
testuser,0.28964000229949205,0.01178502434307909,0.020036040955876157,0.3747430166865061,1488739174669,5
testuser,0.28964000229949205,0.011686742749932031,0.0156872958502232,0.3747430166865061,1488739174769,5
testuser,0.28964000229949205,0.011728621702359701,0.01273308934178313,0.3747430166865061,1488739174872,5
testuser,0.28964000229949205,0.011782036594166934,0.010898014118007749,0.3747430166865061,1488739174985,5
testuser,0.28964000229949205,0.011753166330123266,0.009889580016732792,0.3747430166865061,1488739175085,5
testuser,0.28964000229949205,0.010117428116026752,0.009414596538896145,0.3747430166865061,1488739175188,5
testuser,0.28964000229949205,0.009607275690514302,0.009157317919502151,0.3747430166865061,1488739175291,5
testuser,0.28964000229949205,0.009435859852708279,0.009019915602973102,0.3747430166865061,1488739175390,5
testuser,0.28964000229949205,0.009376740735922047,0.008994778365699417,0.3747430166865061,1488739175492,5
testuser,0.28964000229949205,0.009413167123157902,0.009037267235914739,0.3747430166865061,1488739175591,5
testuser,0.28964000229949205,0.009461700416389652,0.009109628645484374,0.3747430166865061,1488739175707,5
testuser,0.28964000229949205,0.00949440542059873,0.009162519307809954,0.3747430166865061,1488739175808,5
testuser,0.28964000229949205,0.009591194460786759,0.009229568825592782,0.3747430166865061,1488739175908,5
testuser,0.28964000229949205,0.009963688339060046,0.009603480263010654,0.3747430166865061,1488739176009,5
testuser,0.28964000229949205,0.010876019953828179,0.01071540481687325,0.3747430166865061,1488739176110,5
testuser,0.28964000229949205,0.01396571229246776,0.01302862255120161,0.3747430166865061,1488739176210,5
testuser,0.28964000229949205,0.014978427424704932,0.01696198010486892,0.3747430166865061,1488739176311,5
testuser,0.28964000229949205,0.016219227125136133,0.022883135702932236,0.3747430166865061,1488739176411,5
testuser,0.28964000229949205,0.01760819593075538,0.03109792664454984,0.3747430166865061,1488739176512,5
testuser,0.28964000229949205,0.018817515676713182,0.04099519787192836,0.3747430166865061,1488739176612,5
testuser,0.28964000229949205,0.027533121678851653,0.051110449853619885,0.3747430166865061,1488739176712,5
testuser,0.28964000229949205,0.03409708528741455,0.059816186142147135,0.3747430166865061,1488739176813,5
testuser,0.28964000229949205,0.03600669456223502,0.06392611160697449,0.3747430166865061,1488739176913,5
testuser,0.28964000229949205,0.03474428880178995,0.06412533968147491,0.3747430166865061,1488739177014,5
testuser,0.28964000229949205,0.03227973745755695,0.06269474900813755,0.3747430166865061,1488739177115,5
testuser,0.28964000229949205,0.029720137556846406,0.06065843635230566,0.3747430166865061,1488739177216,5
testuser,0.28964000229949205,0.028005274189355875,0.05821042639915461,0.3747430166865061,1488739177316,5
testuser,0.28964000229949205,0.027606997641248385,0.05570046154304438,0.3747430166865061,1488739177416,5
testuser,0.28964000229949205,0.028331634425369966,0.052501027554601454,0.3747430166865061,1488739177517,5
testuser,0.28964000229949205,0.029880273325180177,0.048937159885085374,0.3747430166865061,1488739177617,5
testuser,0.28964000229949205,0.031786729884525355,0.04595626478176689,0.3747430166865061,1488739177718,5
testuser,0.28964000229949205,0.03348448308672561,0.04451415187030729,0.3747430166865061,1488739177819,5
testuser,0.28964000229949205,0.03472653112051333,0.04487188064561969,0.3747430166865061,1488739177918,5
testuser,0.28964000229949205,0.03547517051593059,0.04691464006941037,0.3747430166865061,1488739178018,5
testuser,0.15624625511745166,0.0365055197187114,0.04973225789239691,0.3747430166865061,1488739178118,5
testuser,0.17682600370938256,0.03845156607509021,0.05193330507814128,0.3747430166865061,1488739178219,5
testuser,0.18527806894472448,0.0410679012947212,0.05328321314920091,0.11190818534852869,1488739178320,5
testuser,0.17726746517338154,0.044311584899920896,0.05378583684233782,0.1095639162397902,1488739178421,5
testuser,0.1571834671336029,0.048435623669016006,0.05180753620118578,0.10689050559088463,1488739178527,5
testuser,0.1340903659177232,0.05107038074705004,0.04714049343599313,0.10119720344198556,1488739178627,5
testuser,0.11771519266880177,0.04974168664315455,0.04328006509318995,0.09256645805727265,1488739178727,5
testuser,0.10838840711514001,0.046086801285014536,0.04245068493539342,0.08384482001110957,1488739178828,5
testuser,0.10476470885288602,0.04331329850518595,0.04451952066751515,0.07668328421328016,1488739178928,5
testuser,0.10476470885288602,0.04242240312939703,0.04850614254954475,0.07668328421328016,1488739179031,5
testuser,0.10476470885288602,0.042421100070000786,0.05128530102786449,0.07668328421328016,1488739179132,5
testuser,0.10476470885288602,0.0420052418837461,0.04809337095512193,0.07668328421328016,1488739179237,5
testuser,0.10687900041918474,0.040308662193125684,0.03831857011744044,0.07668328421328016,1488739179338,5
testuser,0.10676114398141816,0.0372022843411046,0.029133698109589264,0.07668328421328016,1488739179439,5
testuser,0.1019529418441849,0.033604025719845915,0.02342393143055184,0.0680071013389309,1488739179540,5
testuser,0.09342718658214744,0.0309390377819094,0.020202848068751396,0.06338701789732124,1488739179641,5
testuser,0.08340677302562974,0.029758108146777845,0.018982564828968432,0.06090774326477402,1488739179743,5
testuser,0.07493984698829302,0.02993425012677214,0.019055682019123225,0.05710999864055512,1488739179844,5
testuser,0.0704362449869467,0.031184663770935428,0.019794158595162335,0.05080808792643163,1488739179956,5
testuser,0.0696779080248647,0.03375153446703854,0.020927848455204335,0.043443562122575455,1488739180057,5
testuser,0.09373807596988151,0.03812978035712783,0.022421631880448198,0.043443562122575455,1488739180160,5
testuser,0.1270391303557731,0.04459238002635094,0.02419158301776868,0.043443562122575455,1488739180262,5
testuser,0.186865839586455,0.052427484049029374,0.025831341109164657,0.043443562122575455,1488739180364,5
testuser,0.29173994239234885,0.05860619983795958,0.026955863276769184,0.043443562122575455,1488739180467,5
testuser,0.24346795925377712,0.059806951464844715,0.027420750028394197,0.043443562122575455,1488739180569,5
testuser,0.20815559084765625,0.05712705240127727,0.027805244791691195,0.043443562122575455,1488739180670,5
testuser,0.17814232954647088,0.057854752229587136,0.032689443984485,0.043443562122575455,1488739180776,5
testuser,0.17814232954647088,0.057854752229587136,0.032689443984485,0.043443562122575455,1488739180877,5
testuser,0.17433045988547988,0.06798610277262773,0.040980631910677995,0.043443562122575455,1488739180979,5
testuser,0.1753632661959173,0.08768996241771117,0.059577269541513336,0.043443562122575455,1488739181080,5
testuser,0.17945364536011513,0.11283208187063982,0.09300086355080829,0.043443562122575455,1488739181181,5
testuser,0.1847749570715652,0.13239302964640995,0.1301088799224997,0.043443562122575455,1488739181282,5
testuser,0.1941748311468007,0.14700801265992,0.15481276729967694,0.043443562122575455,1488739181407,5
testuser,0.1941748311468007,0.14700801265992,0.15481276729967694,0.043443562122575455,1488739181508,5
testuser,0.19872046244368766,0.14837819721260967,0.15098973463330392,0.09855433146258057,1488739181608,5
testuser,0.19864531238937191,0.1486379662729553,0.14269676040858567,0.10859057335028972,1488739181710,5
testuser,0.20243465244077324,0.15080202096044726,0.12363827389697662,0.11337814411466395,1488739181828,5
testuser,0.20363230369247917,0.15326287677445902,0.11777912484889005,0.1127538829946112,1488739181930,5
testuser,0.20496638049346394,0.1532750304725847,0.1087662680006676,0.11114063628976902,1488739182043,5
testuser,0.2066848971901642,0.14277913160340497,0.09775330668849566,0.10852556653182564,1488739182152,5
testuser,0.20546046451514435,0.12453451682017459,0.08802609221543072,0.10374086208843414,1488739182262,5
testuser,0.19767952758039384,0.0997893146962402,0.07621887292377251,0.09673633652613928,1488739182364,5
testuser,0.1815168133950438,0.07083864181501288,0.06330091232040708,0.08931162473930757,1488739182468,5
testuser,0.16046104929672272,0.04784402184250131,0.0520771948723909,0.0838269555351334,1488739182569,5
testuser,0.1413294115906803,0.03425237854656098,0.044173075062613885,0.08061367273021261,1488739182670,5
testuser,0.12701189942711744,0.026966858548707444,0.039022014554393934,0.0802582781444497,1488739182789,5
testuser,0.11697817715111518,0.023387970650850808,0.03599233992795497,0.07849593528198168,1488739182890,5
testuser,0.10966142947287603,0.021725434728921345,0.03430957826535309,0.07489960699942957,1488739182991,5
testuser,0.10395347540628594,0.02087373857737552,0.03346941427672664,0.06982433442503881,1488739183093,5
testuser,0.100320905892106,0.020329123971522298,0.03299282921554033,0.06398980078650086,1488739183196,5
testuser,0.09882594893296012,0.020203739388783983,0.03189026301901529,0.05894464862064992,1488739183297,5
testuser,0.10079144895144125,0.02103518207640417,0.028938899793170523,0.054765496019019824,1488739183398,5
testuser,0.10235802994727225,0.02315588913710156,0.0249195275350703,0.050304925260899955,1488739183499,5
testuser,0.10077988176569766,0.026435258956954266,0.021625781424945298,0.04558824553026927,1488739183601,5
testuser,0.09732650843108327,0.030501409937155794,0.019867904414948324,0.04136877130512946,1488739183701,5
testuser,0.09646855763335883,0.03517686715827769,0.01984959578716498,0.039395271358883814,1488739183803,5
testuser,0.10079356907381393,0.04081833384602562,0.021189200177850864,0.04074221838557282,1488739183907,5
testuser,0.11006111816993826,0.04776666252153641,0.023239779822480544,0.04585504204262381,1488739184009,5
testuser,0.12224450227901464,0.057834266180998906,0.026307369750596582,0.05371618732715479,1488739184111,5
testuser,0.1354270601912914,0.07309399599949845,0.031110181632901895,0.06181680114007786,1488739184212,5
testuser,0.1473983920078362,0.08388510848435432,0.037582187850496704,0.06781789632243769,1488739184314,5
testuser,0.157190591037119,0.07526301720607995,0.04393934722990143,0.0736344694736525,1488739184415,5
testuser,0.16545784596462476,0.05956308956524497,0.04853986939806487,0.08134663448077105,1488739184516,5
testuser,0.17141499941572477,0.04879383706174584,0.05233018308782102,0.09134745490305257,1488739184618,5
testuser,0.1734695962341283,0.04350267039686605,0.056599566896513784,0.10342805175255786,1488739184719,5
testuser,0.1732264783772281,0.04256635692750335,0.06403016743990764,0.11562502828736287,1488739184821,5
testuser,0.17247218181238771,0.04495788229296389,0.07744955300134962,0.12639838742787346,1488739184923,5
testuser,0.1749339161268573,0.0492143829693608,0.09736163352890058,0.1395628035607477,1488739185023,5
testuser,0.18311509233036924,0.05352825291375613,0.1209744186473258,0.1598133728584478,1488739185125,5
testuser,0.19155937324769964,0.05684550889591918,0.1440412414103889,0.18499768386144833,1488739185246,5
testuser,0.19694871508618686,0.05843956216633283,0.16372292403389538,0.20445885799761745,1488739185351,5
testuser,0.1989303045302067,0.05818790470966355,0.17946640437749875,0.21840635090921723,1488739185452,5
testuser,0.20107715950799385,0.056523936447622346,0.19128939067788542,0.22527028809415967,1488739185553,5
testuser,0.20453385884259812,0.054234117100906906,0.2016130307708114,0.2264733214810127,1488739185653,5
testuser,0.21013892890093283,0.052188450983812716,0.21316563383278128,0.22931270943702614,1488739185757,5
testuser,0.21599871922113748,0.05096939080148417,0.2278546437206659,0.23509141766138839,1488739185858,5
testuser,0.22362447603560806,0.05101885040187999,0.24889709947300234,0.24473732699913767,1488739185959,5
testuser,0.23297312801028255,0.05283043936455454,0.2814607361842457,0.2531911011638755,1488739186060,5
testuser,0.24140387568577804,0.05666524106579458,0.33032680381566487,0.25308098414200664,1488739186160,5
testuser,0.2501317926357579,0.06196538231373452,0.39206483110617385,0.24972158344244816,1488739186268,5
testuser,0.25742422513427377,0.06635629322363137,0.44182899870993064,0.247682829313572,1488739186370,5
testuser,0.2631892295708276,0.06686443104962571,0.4537601853589462,0.25028815044513175,1488739186470,5
testuser,0.26776812294359,0.063130158033996,0.43172449792807965,0.2538634547572587,1488739186571,5
testuser,0.276323241203002,0.05734066054236217,0.39201619948691924,0.25422337141252477,1488739186672,5
testuser,0.2914366971857886,0.0518088888739875,0.34640967792879357,0.25311428504376665,1488739186773,5
testuser,0.30946182831115315,0.04769883062230792,0.30482415491176085,0.2565122598107416,1488739186874,5
testuser,0.3238142878554404,0.04562909524616359,0.26983915105333545,0.270259551456605,1488739186974,5
testuser,0.33203242192660903,0.04607309358915854,0.24173096163457625,0.29499175916360637,1488739187080,5
testuser,0.33623357910138163,0.04923006395665724,0.21767310742855966,0.31373368703689947,1488739187182,5
testuser,0.340433749259182,0.054579451204224014,0.19604730151983546,0.3170981658302469,1488739187283,5
testuser,0.3448290099864295,0.06079548147993302,0.18116603311072663,0.31205826441824597,1488739187384,5
testuser,0.3445638899370198,0.06651876742346766,0.17751681503858677,0.3029852353824196,1488739187486,5
testuser,0.3402390410659651,0.07155522021969445,0.17789044253822442,0.305711838524144,1488739187587,5
testuser,0.3346888271653948,0.07534350934679888,0.17446693491186493,0.30979108715650333,1488739187687,5
testuser,0.3306214997711866,0.07269652225349656,0.154495258324151,0.3132413677277452,1488739187787,5
testuser,0.32883911987135156,0.06119735649281811,0.11439830823207833,0.31486763477909413,1488739187889,5
testuser,0.32738518589954835,0.047747836991395044,0.0774954846405033,0.31510909654737723,1488739187989,5
testuser,0.3234291445205339,0.03874098201699252,0.05580159952465686,0.3117412401741867,1488739188089,5
testuser,0.31583381318346027,0.03520709856670325,0.044777922267084005,0.3050106898908486,1488739188190,5
testuser,0.3127832673350458,0.03533540969792762,0.03942483292962216,0.29604619874860616,1488739188291,5
testuser,0.3186709509813296,0.03667010625112991,0.036816166687390094,0.2817224742971632,1488739188392,5
testuser,0.3328239819620476,0.03734068139831022,0.03503726597584995,0.26308212127429886,1488739188493,5
testuser,0.35497117003933093,0.03607130435603362,0.032563013166445325,0.2456560457611877,1488739188594,5
testuser,0.35497117003933093,0.02926351859614351,0.023546794059587813,0.2456560457611877,1488739188721,5
testuser,0.35497117003933093,0.02926351859614351,0.023546794059587813,0.2456560457611877,1488739188823,5
testuser,0.35497117003933093,0.025750008485303975,0.01818409031977636,0.2456560457611877,1488739188924,5
testuser,0.35497117003933093,0.02152381692526589,0.009919686251220645,0.2456560457611877,1488739189052,5
testuser,0.35497117003933093,0.021426448291593004,0.00756014659066277,0.2456560457611877,1488739189153,5
testuser,0.1096063557049552,0.02279326876826759,0.006262587646561844,0.2456560457611877,1488739189254,5
testuser,0.12138541248889971,0.025937721920181716,0.005722117890685671,0.04402947215986097,1488739189354,5
testuser,0.12138541248889971,0.025937721920181716,0.005722117890685671,0.04402947215986097,1488739189454,5
testuser,0.1349959701202622,0.031055551954996312,0.005634387651986881,0.043523225621619185,1488739189556,5
testuser,0.15669408003136648,0.045379249580913224,0.00702691661838255,0.03945267256486373,1488739189658,5
testuser,0.16287655963076822,0.04866812043834138,0.008366578256505145,0.038916053589354016,1488739189759,5
testuser,0.16751690268571376,0.04612429415979972,0.00949607369888458,0.038916053589354016,1488739189860,5
testuser,0.16810442042453425,0.03993632175077339,0.0102030338020787,0.04183487950159961,1488739189968,5
testuser,0.16360336523075406,0.033748802468698005,0.010924577594414283,0.04408833180158381,1488739190073,5
testuser,0.15727467325442368,0.029468961963531232,0.01214898253910191,0.04511615399791282,1488739190192,5
testuser,0.15150212638353103,0.027972216336618737,0.014466200805252103,0.04532635017784038,1488739190292,5
testuser,0.1491478010920811,0.028159020319234954,0.01913014144777467,0.04785736700612809,1488739190394,5
testuser,0.1683019493756364,0.028484293476020134,0.02734359580445468,0.049281583211723407,1488739190495,5
testuser,0.18173712521640495,0.027920672310608442,0.03778314724976004,0.0491189165327242,1488739190597,5
testuser,0.18855627984024173,0.02601309749142826,0.048228521633830485,0.0491189165327242,1488739190707,5
testuser,0.18951962539911513,0.023144285448403547,0.05764607572413538,0.0491189165327242,1488739190810,5
testuser,0.18503843381563037,0.02002004896585267,0.06625720902395511,0.05352663108731152,1488739190910,5
testuser,0.1755841851458683,0.0171786827479695,0.07494150078704406,0.058087965288566266,1488739191010,5
testuser,0.16328389239178034,0.01467864775386082,0.08160897298894844,0.061119790930917864,1488739191112,5
testuser,0.15127133765466438,0.012770684335003429,0.08601016518970443,0.06217884070637554,1488739191216,5
testuser,0.14122973261733268,0.011964837315373745,0.08934358146053803,0.06136563406565028,1488739191333,5
testuser,0.1335313772123188,0.011808895796325249,0.09306915327730475,0.06136563406565028,1488739191435,5
testuser,0.1286461510380288,0.012075665740810591,0.09877049206633337,0.05974447896665262,1488739191536,5
testuser,0.1278443599075625,0.012791722587766275,0.10824507304411421,0.05342796395319292,1488739191637,5
testuser,0.1334266804599423,0.013957764157671911,0.12481644059977726,0.05281391699493386,1488739191737,5
testuser,0.1405021401498734,0.01542630769908784,0.1465945274620077,0.05293753685604426,1488739191856,5
testuser,0.1445995888024805,0.016803520811495106,0.1682714710676815,0.05336864143578542,1488739191957,5
testuser,0.14078694325691918,0.017781064858919487,0.1812804822126513,0.054322529263904754,1488739192059,5
testuser,0.1312937692276092,0.018330046117848175,0.18599799095608555,0.054322529263904754,1488739192162,5
testuser,0.11786473162638635,0.018918163632578196,0.1674958413397386,0.054322529263904754,1488739192271,5
testuser,0.11635272471444158,0.019309717885501898,0.12820223372235193,0.044916754691672466,1488739192389,5
testuser,0.11635272471444158,0.019309717885501898,0.12820223372235193,0.044916754691672466,1488739192491,5
testuser,0.12614055251231351,0.020880493789832186,0.04534662023384403,0.03510340539207447,1488739192597,5
testuser,0.12614055251231351,0.020880493789832186,0.04534662023384403,0.03510340539207447,1488739192697,5
testuser,0.1554475780853019,0.025486610653523412,0.022069816895562065,0.03510340539207447,1488739192815,5
testuser,0.16757567680974852,0.029844760343952302,0.018676387092298446,0.03510340539207447,1488739192917,5
testuser,0.16961646903452002,0.0348425858573245,0.017269825032458965,0.03510340539207447,1488739193018,5
testuser,0.16436769228074455,0.03900099664646953,0.016834320178648655,0.03510340539207447,1488739193138,5
testuser,0.1547686278243753,0.04223973529874024,0.016809326902163725,0.03510340539207447,1488739193238,5
testuser,0.1547686278243753,0.044055633092335726,0.01697442247259672,0.03510340539207447,1488739193341,5
testuser,0.1547686278243753,0.045259836621113575,0.017371017280236337,0.03510340539207447,1488739193442,5
testuser,0.1547686278243753,0.04613922143803709,0.017853591091139993,0.03510340539207447,1488739193543,5
testuser,0.1547686278243753,0.04660101155994076,0.018156542556372564,0.03510340539207447,1488739193647,5
testuser,0.250750940691847,0.04656455461328384,0.018101502113438632,0.03510340539207447,1488739193768,5
testuser,0.2402110030256913,0.04649280556803054,0.01786732330149691,0.06965328408866016,1488739193869,5
testuser,0.2234357201114579,0.047187210429440345,0.017928430986727868,0.06965328408866016,1488739193971,5
testuser,0.19554144398414858,0.05047437667398461,0.019098273093602344,0.06965328408866016,1488739194073,5
testuser,0.16362377905561276,0.05918967108037054,0.02260286258658414,0.06965328408866016,1488739194176,5
testuser,0.13829232351328033,0.07653528589763364,0.030738960483671605,0.06965328408866016,1488739194281,5
testuser,0.1260279469523337,0.10362798930000754,0.04774678333593847,0.06965328408866016,1488739194384,5
testuser,0.1193187038736921,0.1326421366184504,0.07587484016986923,0.06965328408866016,1488739194485,5
testuser,0.11715813112251826,0.14971462860304305,0.10206688292658668,0.06965328408866016,1488739194587,5
testuser,0.12497320155751919,0.14670431253876787,0.11455338045491181,0.10311049661077382,1488739194704,5
testuser,0.13203375143290313,0.13822330722235732,0.11401874493346574,0.1228917185550018,1488739194810,5
testuser,0.13203375143290313,0.13822330722235732,0.11401874493346574,0.1228917185550018,1488739194911,5
testuser,0.13674969129211711,0.13060499048746121,0.11145305930291008,0.12857030845697387,1488739195014,5
testuser,0.1388903510337814,0.12151856214907318,0.10862668919995921,0.13182980225550964,1488739195117,5
testuser,0.13510908129458776,0.10699048377492491,0.10696579483207766,0.12775831181728958,1488739195233,5
testuser,0.13290423024299242,0.10338233116985163,0.10782974823016946,0.12695080527995556,1488739195340,5
testuser,0.13208535069474148,0.10015471411444887,0.10869934195320256,0.11206616787615127,1488739195441,5
testuser,0.13208535069474148,0.10015471411444887,0.10869934195320256,0.11206616787615127,1488739195543,5
testuser,0.1366147878396464,0.09933439209445026,0.1139393215968476,0.10109322816599166,1488739195665,5
testuser,0.14623014229882023,0.10016135773625684,0.12194718236442759,0.10109322816599166,1488739195767,5
testuser,0.1560248004280603,0.10117687550038847,0.13317761610822912,0.10109322816599166,1488739195874,5
testuser,0.16169924151144036,0.09893040459515598,0.14232331803193868,0.10109322816599166,1488739195975,5
testuser,0.16272901092301464,0.08987812055759602,0.1423853363559559,0.10109322816599166,1488739196075,5
testuser,0.16871892641236919,0.0766534547921346,0.13333969969694212,0.10109322816599166,1488739196175,5
testuser,0.17504911277014076,0.06330900877958694,0.12176246409765214,0.08464925147245755,1488739196275,5
testuser,0.16843310475493084,0.052139576179292754,0.11503851375335168,0.066704683218241,1488739196377,5
testuser,0.15024748323402126,0.04365709397048951,0.11416554478441875,0.04957641340733798,1488739196477,5
testuser,0.12855436399874792,0.03859840708186498,0.11433484382876387,0.036015856502737205,1488739196580,5
testuser,0.11286212973361827,0.03645585812984842,0.11366930877364226,0.02760466615753951,1488739196681,5
testuser,0.10503254680989936,0.036757006135137396,0.11318229550546785,0.02760466615753951,1488739196798,5
testuser,0.10503254680989936,0.03751120137396983,0.11176365686921659,0.02760466615753951,1488739196899,5
testuser,0.10503254680989936,0.037718547242815904,0.10417832050751485,0.02760466615753951,1488739197002,5
testuser,0.10503254680989936,0.03724855227066038,0.08632960958481938,0.02760466615753951,1488739197103,5
testuser,0.10503254680989936,0.03578955099769615,0.06881679348318609,0.02760466615753951,1488739197203,5
testuser,0.10503254680989936,0.034227819707511146,0.05705689902682977,0.02760466615753951,1488739197305,5
testuser,0.10503254680989936,0.032495949235625224,0.04955669788851435,0.02760466615753951,1488739197413,5
testuser,0.10503254680989936,0.031117130027403017,0.043427809391118774,0.02760466615753951,1488739197514,5
testuser,0.10503254680989936,0.030563038014803916,0.03814372855769754,0.02760466615753951,1488739197613,5
testuser,0.10503254680989936,0.030995657305982718,0.033457770606761104,0.02760466615753951,1488739197713,5
testuser,0.10503254680989936,0.03286718820854015,0.029463125249918214,0.02760466615753951,1488739197814,5
testuser,0.10503254680989936,0.03616156845286649,0.026214774121692767,0.02760466615753951,1488739197915,5
testuser,0.10503254680989936,0.04005112634130441,0.02364003277090114,0.02760466615753951,1488739198016,5
testuser,0.10503254680989936,0.04332522711264867,0.021741601259807706,0.02760466615753951,1488739198117,5
testuser,0.03723152347806371,0.04302834901222874,0.02048648227543373,0.02760466615753951,1488739198217,5
testuser,0.036532446331022976,0.03974964040478394,0.019773235288441583,0.02760466615753951,1488739198318,5
testuser,0.03705438075853937,0.036203402070469064,0.019615790871699585,0.00619740252080164,1488739198419,5
testuser,0.03699916442910564,0.034547247800297394,0.020118336166681756,0.006715912627929965,1488739198519,5
testuser,0.03652633157197092,0.03452348019235445,0.02152043465107893,0.00709123181799785,1488739198620,5
testuser,0.036937465503783656,0.03654541109213952,0.024219816429277254,0.007303474282436571,1488739198721,5
testuser,0.03919048380682211,0.039631870863680155,0.030089697976609073,0.007483988642224936,1488739198831,5
testuser,0.043721287387261706,0.042646260108805796,0.04252636015443378,0.007483988642224936,1488739198931,5
testuser,0.043721287387261706,0.0440760145336257,0.05374492116194118,0.007483988642224936,1488739199032,5
testuser,0.043721287387261706,0.043472599428900686,0.05671839593188745,0.007483988642224936,1488739199132,5
testuser,0.043721287387261706,0.04256066357626148,0.055282429584582383,0.007483988642224936,1488739199233,5
testuser,0.043721287387261706,0.04302237021092058,0.051437851797836234,0.007483988642224936,1488739199335,5
testuser,0.04452911896924997,0.04527016559009566,0.045962673569605296,0.007483988642224936,1488739199438,5
testuser,0.04563648445235952,0.04856177437680043,0.04221930126606164,0.007483988642224936,1488739199538,5
testuser,0.047755340797893744,0.05216013757229661,0.04005015816718999,0.007852526009080896,1488739199638,5
testuser,0.05017955695874527,0.056177358405298944,0.039190657452906015,0.008378317765857717,1488739199738,5
testuser,0.05265326715034289,0.06114259563058739,0.0399467993118951,0.008952586641079662,1488739199839,5
testuser,0.05196752853059069,0.0681230880601046,0.04294361664856367,0.009274906629668985,1488739199939,5
testuser,0.05230224986779897,0.07516085612937395,0.04830699230511127,0.009274906629668985,1488739200040,5
testuser,0.05197427316325607,0.07902763708766868,0.05432366109153935,0.009274906629668985,1488739200141,5
testuser,0.05025094303402583,0.07969271495218407,0.05979722999715781,0.009274906629668985,1488739200241,5
testuser,0.04652593211869125,0.07983499558005923,0.06564468147554217,0.009274906629668985,1488739200343,5
testuser,0.04028653228044857,0.08154348647107405,0.07102404159309146,0.009274906629668985,1488739200452,5
testuser,0.04145938912802163,0.08527027050755227,0.07501223884930364,0.009274906629668985,1488739200553,5
testuser,0.04290975907563079,0.09016221134508377,0.0778991993298569,0.009274906629668985,1488739200654,5
testuser,0.0444073223308331,0.09390807411635947,0.08163058038007655,0.009274906629668985,1488739200766,5
testuser,0.04584082970698151,0.09399505251849039,0.0885312084595164,0.010535924989654685,1488739200868,5
testuser,0.04709738368662539,0.09114435185423879,0.10140369058401655,0.010407073586014563,1488739200969,5
testuser,0.04754615363570056,0.08288777607145366,0.12331209072622563,0.010482695646814609,1488739201070,5
testuser,0.04653638313463723,0.0681824225490097,0.14700491013381028,0.011087440877682271,1488739201171,5
testuser,0.04125508472992839,0.048651447775442884,0.15004277004956026,0.012255181416367115,1488739201273,5
testuser,0.031493001577075595,0.03234058728118763,0.1264831055674959,0.013671654602155792,1488739201374,5
testuser,0.031157449144144523,0.02248452635981145,0.09534993498125871,0.013671654602155792,1488739201475,5
testuser,0.0307302567141918,0.021236970927524152,0.06690055797623286,0.013671654602155792,1488739201577,5
testuser,0.030449087775324332,0.02009648988731636,0.04569168376861671,0.013671654602155792,1488739201678,5
testuser,0.030334770512950932,0.01893088738959938,0.03042295494394743,0.013671654602155792,1488739201780,5
testuser,0.0300690065969137,0.017638659698068986,0.02063153999102673,0.013671654602155792,1488739201885,5
testuser,0.029337605465273607,0.01615915073225347,0.015088402589320716,0.013671654602155792,1488739201988,5
testuser,0.028114946249431078,0.014383494791413171,0.012252165326862633,0.015602698048711427,1488739202088,5
testuser,0.02659333233591417,0.012287333578847807,0.010866556822715262,0.01619337399880759,1488739202189,5
testuser,0.024839450427741144,0.010068752063952018,0.010164264209346529,0.016765744543361726,1488739202291,5
testuser,0.022855487757790085,0.008086078201828226,0.00969357043434197,0.017677993585811125,1488739202392,5
testuser,0.02060971545418179,0.006615236062557596,0.00939031241921881,0.018941477240599303,1488739202494,5
testuser,0.02060971545418179,0.008636745479008024,0.009215815582478236,0.018941477240599303,1488739202597,5
testuser,0.02060971545418179,0.012024009571049803,0.009178304919028995,0.018941477240599303,1488739202698,5
testuser,0.02060971545418179,0.01637581210794294,0.009254021055275842,0.018941477240599303,1488739202800,5
testuser,0.02060971545418179,0.022424545970014618,0.009469648707216116,0.018941477240599303,1488739202914,5
testuser,0.02060971545418179,0.032710030860552596,0.010019987745857743,0.018941477240599303,1488739203016,5
testuser,0.02060971545418179,0.035366870836207036,0.011202955146113485,0.018941477240599303,1488739203118,5
testuser,0.02060971545418179,0.038428688059600584,0.013140520820078223,0.018941477240599303,1488739203220,5
testuser,0.02060971545418179,0.04049456954815338,0.020299328621904304,0.018941477240599303,1488739203327,5
testuser,0.02060971545418179,0.04049456954815338,0.020299328621904304,0.018941477240599303,1488739203429,5
testuser,0.02060971545418179,0.039037663652592564,0.026269995796678134,0.018941477240599303,1488739203534,5
testuser,0.02060971545418179,0.03782165824740582,0.032353513455514876,0.018941477240599303,1488739203636,5
testuser,0.02060971545418179,0.03757117431652658,0.036840508555810385,0.018941477240599303,1488739203737,5
testuser,0.02060971545418179,0.03799869990729888,0.04047509823580699,0.018941477240599303,1488739203862,5
testuser,0.02060971545418179,0.03799869990729888,0.04227711265848561,0.018941477240599303,1488739203964,5
testuser,0.02060971545418179,0.03799869990729888,0.04227711265848561,0.018941477240599303,1488739204065,5
testuser,0.02060971545418179,0.038235072495861375,0.04246812094551178,0.018941477240599303,1488739204168,5
testuser,0.02060971545418179,0.039508085935100974,0.0429244316951988,0.018941477240599303,1488739204271,5
testuser,0.02060971545418179,0.044656976058966645,0.04401092574018649,0.018941477240599303,1488739204373,5
testuser,0.02060971545418179,0.04538817862340891,0.04362426314974267,0.018941477240599303,1488739204475,5
testuser,0.02060971545418179,0.04335277537133078,0.04179743701242756,0.018941477240599303,1488739204576,5
testuser,0.02060971545418179,0.04335277537133078,0.04179743701242756,0.018941477240599303,1488739204678,5
testuser,0.02060971545418179,0.03931856394045626,0.039105772397646524,0.018941477240599303,1488739204779,5
testuser,0.02060971545418179,0.03513667316963139,0.037377676546289394,0.018941477240599303,1488739204881,5
testuser,0.02060971545418179,0.03327021065745758,0.041082491224453246,0.018941477240599303,1488739204983,5
testuser,0.02060971545418179,0.03327021065745758,0.04695318815094862,0.018941477240599303,1488739205084,5
testuser,0.02060971545418179,0.03327021065745758,0.04695318815094862,0.018941477240599303,1488739205186,5
testuser,0.02060971545418179,0.03327021065745758,0.04695318815094862,0.018941477240599303,1488739205287,5
testuser,0.02060971545418179,0.03327021065745758,0.04695318815094862,0.018941477240599303,1488739205389,5
testuser,0.02060971545418179,0.03327021065745758,0.04695318815094862,0.018941477240599303,1488739205491,5
testuser,0.02060971545418179,0.03327021065745758,0.04695318815094862,0.018941477240599303,1488739205591,5
testuser,0.02060971545418179,0.03327021065745758,0.04695318815094862,0.018941477240599303,1488739205706,5
testuser,0.02060971545418179,0.03327021065745758,0.04695318815094862,0.018941477240599303,1488739205809,5
testuser,0.02060971545418179,0.03327021065745758,0.04695318815094862,0.018941477240599303,1488739205920,5
testuser,0.02060971545418179,0.03327021065745758,0.04695318815094862,0.018941477240599303,1488739206022,5
testuser,0.02060971545418179,0.03327021065745758,0.04695318815094862,0.018941477240599303,1488739206123,5
testuser,0.02060971545418179,0.07361408268427104,0.04606430186454376,0.018941477240599303,1488739206231,5
testuser,0.02060971545418179,0.08121954939743561,0.050366211330125824,0.018941477240599303,1488739206332,5
testuser,0.02060971545418179,0.0860251575670509,0.05569801474149398,0.018941477240599303,1488739206440,5
testuser,0.02060971545418179,0.08783083292890291,0.06092936134355105,0.018941477240599303,1488739206540,5
testuser,0.02060971545418179,0.08846543488311154,0.06500827296702336,0.018941477240599303,1488739206641,5
testuser,0.02060971545418179,0.08962499266034744,0.06742548499200439,0.018941477240599303,1488739206745,5
testuser,0.02060971545418179,0.0917983206824034,0.06809530420913748,0.018941477240599303,1488739206845,5
testuser,0.02060971545418179,0.09416365431986462,0.06549600690930228,0.018941477240599303,1488739206949,5
testuser,0.02060971545418179,0.09512768955222826,0.05909225491995165,0.018941477240599303,1488739207048,5
testuser,0.02060971545418179,0.09332457582696817,0.05245022597787886,0.018941477240599303,1488739207158,5
testuser,0.02060971545418179,0.08940884153363163,0.048977638741597766,0.018941477240599303,1488739207258,5
testuser,0.02060971545418179,0.08581699405075734,0.049037078607722905,0.018941477240599303,1488739207359,5
testuser,0.02060971545418179,0.09193888024620724,0.05455931136181702,0.018941477240599303,1488739207460,5
testuser,0.02060971545418179,0.09902191545564852,0.0591946468059007,0.018941477240599303,1488739207561,5
testuser,0.02060971545418179,0.09862124290371334,0.06205678403307743,0.018941477240599303,1488739207665,5
testuser,0.02060971545418179,0.09175529919349433,0.06273755328332695,0.018941477240599303,1488739207771,5
testuser,0.02060971545418179,0.0836680411593066,0.062122671143053025,0.018941477240599303,1488739207871,5
testuser,0.02060971545418179,0.07798022716831539,0.06084094661444968,0.018941477240599303,1488739207972,5
testuser,0.02060971545418179,0.07622484869456991,0.059593560553653245,0.018941477240599303,1488739208073,5
testuser,0.02060971545418179,0.07676877874060167,0.05860708144122509,0.018941477240599303,1488739208173,5
testuser,0.02060971545418179,0.07731906502095554,0.057887928770297865,0.018941477240599303,1488739208274,5
testuser,0.13418522388138668,0.07662128425118028,0.05755843895397042,0.018941477240599303,1488739208387,5
testuser,0.12671965556664838,0.07505748552662501,0.05907182545843952,0.10520591209779288,1488739208487,5
testuser,0.12356712949216357,0.07410801086080608,0.06487810489562655,0.10659886250213121,1488739208587,5
testuser,0.12397969701892508,0.07571256465091393,0.0772772703858103,0.10822635148814921,1488739208687,5
testuser,0.12397969701892508,0.07986184331318001,0.09626039683718259,0.10822635148814921,1488739208788,5
testuser,0.12397969701892508,0.08412984690474137,0.11283105221753643,0.10822635148814921,1488739208887,5
testuser,0.12397969701892508,0.08321177237743574,0.10654429190983625,0.10822635148814921,1488739208989,5
testuser,0.12397969701892508,0.08644188482651086,0.07554126409660862,0.10822635148814921,1488739209090,5
testuser,0.12397969701892508,0.09106794910008224,0.05137862025037876,0.10822635148814921,1488739209190,5
testuser,0.12397969701892508,0.09619178336632045,0.03833869982721786,0.10822635148814921,1488739209291,5
testuser,0.12397969701892508,0.10189680515964292,0.031485393118562084,0.10822635148814921,1488739209391,5
testuser,0.12397969701892508,0.10779910918821828,0.02784912165323994,0.10822635148814921,1488739209493,5
testuser,0.11712319222351454,0.10852184178055092,0.0256829487963154,0.10822635148814921,1488739209594,5
testuser,0.10936517118378021,0.10302560139565234,0.02439577854045474,0.10872145552112232,1488739209695,5
testuser,0.1072377750229281,0.09444693188925353,0.023697266556684995,0.11156066673518117,1488739209796,5
testuser,0.1072377750229281,0.0865801984056445,0.023252886181612337,0.11156066673518117,1488739209897,5
testuser,0.1072377750229281,0.07961827350872941,0.022797619492733727,0.11156066673518117,1488739209998,5
testuser,0.1072377750229281,0.07333124933856636,0.022078774477693845,0.11156066673518117,1488739210099,5
testuser,0.1072377750229281,0.06739031043958206,0.02090176151261541,0.11156066673518117,1488739210200,5
testuser,0.12722926946672106,0.06400183916946499,0.019448991913417597,0.11156066673518117,1488739210302,5
testuser,0.11527340406744216,0.06490835992450952,0.018296693194573263,0.01254407007148163,1488739210404,5
testuser,0.1068661527942953,0.10377779562609675,0.01823192083580842,0.01495009662761127,1488739210509,5
testuser,0.10144155552971636,0.10896345686437352,0.020109565167572584,0.017728020305769907,1488739210611,5
testuser,0.09735219919226681,0.11330764200145722,0.02513513666574686,0.019740444258062696,1488739210713,5
testuser,0.09319693977376632,0.11842547661513338,0.0357364574635447,0.020543468696468902,1488739210814,5
testuser,0.08908043362535442,0.12446038129218513,0.05595719966080779,0.020419986844280882,1488739210914,5
testuser,0.08513650448006643,0.1285753379141742,0.08881428093665854,0.019976434679085536,1488739211015,5
testuser,0.08197047344407701,0.12914437167429318,0.12427148105326923,0.019976434679085536,1488739211116,5
testuser,0.07724177779595226,0.1260140925368296,0.1389344560969231,0.01934019379263675,1488739211216,5
testuser,0.07188389938763508,0.12644169183049622,0.1368352149013223,0.01886953148185549,1488739211318,5
testuser,0.06733070230260405,0.12329482606001957,0.13294655880350484,0.018589524952268136,1488739211419,5
testuser,0.0625710300135959,0.12158652034432062,0.13122345323825965,0.018563269809494642,1488739211520,5
testuser,0.0594545128391068,0.12352291278085625,0.133555895092694,0.01914690556697763,1488739211621,5
testuser,0.0568475999090833,0.12780370883949668,0.1358817987606952,0.020377428057249722,1488739211722,5
testuser,0.05590267369179792,0.1309977372334399,0.1353846880832534,0.02217362257524314,1488739211823,5
testuser,0.05894842712119597,0.1300357235258048,0.13023989514635803,0.02444384401018721,1488739211924,5
testuser,0.06765964690101207,0.12560666601451217,0.12305039254235042,0.027578318601452545,1488739212038,5
testuser,0.08081002616020769,0.11950837480472873,0.11499233710445106,0.03211752087472132,1488739212138,5
testuser,0.09476843868634564,0.11091271660836925,0.11208212853125278,0.03801873504153703,1488739212239,5
testuser,0.10611764101431487,0.101029610089761,0.11250990896380804,0.044970065790920846,1488739212341,5
testuser,0.11384839601770454,0.09060757577977634,0.11290336740085652,0.052570929579571976,1488739212442,5
testuser,0.11912151341734332,0.08094766369408328,0.11034417333207135,0.06013889170767879,1488739212542,5
testuser,0.12318428368849427,0.07220850914481072,0.10439762544478393,0.06443370141950265,1488739212644,5
testuser,0.12720641071247635,0.06467921510202682,0.09710613214209057,0.07137288297456061,1488739212747,5
testuser,0.13228603914549908,0.05853168331722081,0.09146933901279465,0.078487894129121,1488739212847,5
testuser,0.1423444741149967,0.053613866190103124,0.08698137027364342,0.08642799992520446,1488739212948,5
testuser,0.1604423510648957,0.050351261391007505,0.08342534903410993,0.09408301623541511,1488739213050,5
testuser,0.1773181787211769,0.04767658596825679,0.08137571042048705,0.09878039847476607,1488739213151,5
testuser,0.1824263988744019,0.04515523497959,0.08019960047737529,0.10169643322414107,1488739213252,5
testuser,0.18260853191243723,0.04279115300912695,0.0797995138189785,0.10379624785711107,1488739213353,5
testuser,0.1805000597551054,0.040807401647931923,0.08004639226774755,0.10553451247017995,1488739213455,5
testuser,0.17340174990914858,0.039441151825427324,0.08109568186972327,0.10642358292093385,1488739213557,5
testuser,0.1593117433660434,0.03818750306793636,0.08062766876988577,0.10588013633954632,1488739213658,5
testuser,0.1408375594459438,0.036878219737051326,0.07907985468741416,0.10454013911646963,1488739213759,5
testuser,0.12344443324590637,0.036061636787161386,0.07369440620335159,0.10358749404414504,1488739213875,5
testuser,0.11106072819713497,0.03598886870393392,0.06658045893976135,0.10335950951492347,1488739213980,5
testuser,0.10260689928477251,0.0367236716379618,0.06120524323254137,0.10226675975429485,1488739214082,5
testuser,0.09663299042262986,0.0388725903197282,0.05888270279090251,0.09983853279954273,1488739214182,5
testuser,0.09280539603687933,0.042288479567007764,0.059173259775341505,0.09594198155943524,1488739214285,5
testuser,0.0909086465188438,0.04618439657925884,0.060292957608574296,0.09653648272875055,1488739214388,5
testuser,0.08914984839716772,0.04925047894271512,0.06182418741535253,0.10778409082088321,1488739214489,5
testuser,0.09052431186754027,0.05068123706684595,0.06207988874096264,0.13163481280494355,1488739214590,5
testuser,0.09352691668958783,0.050553327127258144,0.06035573885993036,0.15293935452152976,1488739214690,5
testuser,0.09029853549078827,0.04964337171943134,0.05828954777522127,0.15858077908654328,1488739214792,5
testuser,0.07548324100291771,0.04826249520871082,0.05766371565472014,0.14510284632635934,1488739214894,5
testuser,0.05555628907970195,0.04833524848338327,0.05729852336394119,0.11014824455978128,1488739214998,5
testuser,0.04096465642465839,0.05054163348879028,0.05360710038601746,0.07644311061691239,1488739215110,5
testuser,0.03422216167280505,0.05181126776623736,0.04897123689722301,0.05910536395218925,1488739215211,5
testuser,0.0317493782065177,0.05186781208955079,0.047893241526194674,0.05202978288418773,1488739215312,5
testuser,0.03134372328105361,0.048763842139024065,0.04797742945456287,0.048241851146796806,1488739215415,5
testuser,0.030790241685641977,0.040408476874607586,0.04828210566530828,0.046055582787580575,1488739215531,5
testuser,0.030790241685641977,0.040408476874607586,0.04828210566530828,0.046055582787580575,1488739215633,5
testuser,0.029670657852930552,0.037220601722691135,0.048016888665062284,0.044341733972272625,1488739215735,5
testuser,0.028349677629936967,0.03455484918680927,0.045436912112318116,0.043287699029055424,1488739215837,5
testuser,0.025963748806158128,0.025148493140243415,0.03076961286586313,0.041341546334286904,1488739215945,5
testuser,0.025558954389236783,0.02274816254577521,0.026093544207564955,0.04014161016726507,1488739216051,5
testuser,0.02547568082715202,0.023316664837354048,0.02416894236437807,0.03810030819266609,1488739216153,5
testuser,0.02547568082715202,0.023316664837354048,0.02416894236437807,0.03810030819266609,1488739216254,5
testuser,0.025244417048276537,0.02644015982510373,0.02349877470895777,0.036035913901125045,1488739216356,5
testuser,0.02563476526100498,0.0358948580168121,0.022367704580924717,0.0341093891374198,1488739216457,5
testuser,0.028639637356356766,0.039825969668690356,0.02157310647446741,0.03787351084705437,1488739216563,5
testuser,0.028639637356356766,0.04270927061505093,0.021096585557394527,0.03787351084705437,1488739216686,5
testuser,0.028639637356356766,0.04510499202521887,0.021050844372990735,0.03787351084705437,1488739216787,5
testuser,0.028639637356356766,0.04791422866249387,0.021067727385980423,0.03787351084705437,1488739216901,5
testuser,0.028639637356356766,0.051494078421092784,0.02107154069694872,0.03787351084705437,1488739217001,5
testuser,0.028639637356356766,0.05525845140991669,0.021121420294828625,0.03787351084705437,1488739217102,5
testuser,0.09339477612563271,0.0587127317040927,0.021504338094085387,0.07821266700425922,1488739217203,5
testuser,0.09280192226322176,0.06174262694931765,0.022535835302955887,0.07718682188162024,1488739217303,5
testuser,0.09182736597544527,0.06619167212344351,0.025049732008408876,0.07651312632443442,1488739217403,5
testuser,0.09182280503294166,0.0754089604944496,0.0306656734644223,0.07767223804951122,1488739217503,5
testuser,0.09382576239771637,0.09332145786516101,0.041774399336206205,0.08082512308037712,1488739217604,5
testuser,0.09783517637327543,0.11878328789597112,0.05844783956719131,0.08375121791999833,1488739217704,5
testuser,0.1034706971612945,0.1369679622081906,0.07320580401181812,0.0860468845938569,1488739217805,5
testuser,0.10633350019383678,0.13860413827919876,0.07702692992440577,0.0860468845938569,1488739217906,5
testuser,0.10633350019383678,0.13116999765403412,0.07341783429015868,0.0860468845938569,1488739218007,5
testuser,0.10633350019383678,0.1204028230669134,0.06985558658888984,0.0860468845938569,1488739218121,5
testuser,0.10633350019383678,0.11299542614823,0.06712893789135954,0.0860468845938569,1488739218221,5
testuser,0.10633350019383678,0.11179180601869594,0.06485329860520958,0.0860468845938569,1488739218322,5
testuser,0.1100637771703258,0.11516486712198246,0.06467424556814254,0.0881471328237949,1488739218422,5
testuser,0.1116456354417488,0.12110191019690184,0.066491377884492,0.08985234641040234,1488739218523,5
testuser,0.11366551106338847,0.12699279436465596,0.06806743740794893,0.09194018372810671,1488739218624,5
testuser,0.11702327548432083,0.1318856685996326,0.06877088520163588,0.09566605431019395,1488739218725,5
testuser,0.12251352696722831,0.1350846985855641,0.06865718960217394,0.10275207457241989,1488739218826,5
testuser,0.131963196444662,0.1350413469694183,0.06717083532794794,0.11591086172755997,1488739218926,5
testuser,0.1168860963271088,0.13098076452235202,0.06388378446329689,0.08507452121551783,1488739219027,5
testuser,0.10035477345794962,0.12377893070194461,0.059194862410096416,0.06534390448935079,1488739219127,5
testuser,0.0904801374737903,0.11617673921181611,0.05446576563329049,0.05804794308225531,1488739219228,5
testuser,0.08528617373064055,0.11026120268337505,0.05155312637709779,0.0551856237821602,1488739219333,5
testuser,0.07575160512225655,0.10722019676996095,0.05131421399078686,0.0551856237821602,1488739219436,5
testuser,0.07575160512225655,0.10661999188938055,0.05306831370574253,0.0551856237821602,1488739219537,5
testuser,0.07575160512225655,0.1049936889589825,0.05399833589877016,0.0551856237821602,1488739219639,5
testuser,0.07575160512225655,0.09789951922264567,0.05105873148452631,0.0551856237821602,1488739219746,5
testuser,0.07575160512225655,0.08418909837843117,0.047560552573182466,0.0551856237821602,1488739219846,5
testuser,0.07575160512225655,0.06950264263550346,0.04544637721356737,0.0551856237821602,1488739219956,5
testuser,0.07575160512225655,0.056306606449323365,0.044427490447253026,0.0551856237821602,1488739220057,5
testuser,0.07575160512225655,0.04644221824635605,0.04381121989326073,0.0551856237821602,1488739220165,5
testuser,0.07575160512225655,0.04081230949907605,0.04371070588366941,0.0551856237821602,1488739220265,5
testuser,0.07575160512225655,0.03816436610426914,0.04468505484696772,0.0551856237821602,1488739220365,5
testuser,0.07575160512225655,0.03739625919384452,0.04623858333860891,0.0551856237821602,1488739220466,5
testuser,0.07575160512225655,0.03761269606897434,0.047764781862293326,0.0551856237821602,1488739220567,5
testuser,0.07575160512225655,0.03841840589508859,0.049685455366907584,0.0551856237821602,1488739220670,5
testuser,0.07575160512225655,0.03978389046866922,0.052172315802160564,0.0551856237821602,1488739220771,5
testuser,0.07575160512225655,0.041592876767128945,0.0546782238207322,0.0551856237821602,1488739220872,5
testuser,0.07575160512225655,0.04338661122091737,0.05653292962814575,0.09698087012722847,1488739220972,5
testuser,0.06288058579497958,0.0454358523556656,0.05797706556792067,0.08581054066947509,1488739221073,5
testuser,0.058455343257800586,0.04819020379410059,0.060065122991297654,0.08090285651054714,1488739221175,5
testuser,0.05888294596480421,0.052946345179962065,0.0634198020378645,0.08006998306815594,1488739221281,5
testuser,0.06207327373192757,0.06085917665891371,0.0683138795838703,0.08182924450056661,1488739221382,5
testuser,0.06614303038389872,0.07266564134792748,0.0744525549773772,0.08503655430733459,1488739221483,5
testuser,0.06954896995644658,0.08698782824468092,0.07956688682164699,0.08928342065601025,1488739221584,5
testuser,0.07161361451575603,0.10106520424063584,0.08289501559725422,0.09357733181408485,1488739221690,5
testuser,0.07261191973938831,0.10968552354199576,0.08167140916363388,0.09639184215347081,1488739221791,5
testuser,0.07315762251630194,0.11127708971955774,0.07878821341878169,0.09817286986250376,1488739221892,5
testuser,0.07314280406061675,0.10869498707858873,0.07533807495295256,0.0986182670981101,1488739221994,5
testuser,0.07242235201900624,0.10378639970796373,0.0738763254700999,0.09819582987530412,1488739222096,5
testuser,0.07144898718826212,0.09872375938341627,0.07370647354295938,0.09448398462755088,1488739222197,5
testuser,0.06744783871370982,0.09430618083607364,0.07186283179350075,0.09213301755487792,1488739222298,5
testuser,0.0661514132457713,0.09139397956504396,0.07187280577166741,0.09356140950587251,1488739222399,5
testuser,0.06913785986592753,0.09010284463819938,0.07324064594641291,0.09972280599853571,1488739222501,5
testuser,0.07690537505716005,0.08854165854321334,0.074779156657063,0.11075303937206012,1488739222603,5
testuser,0.08810874457106421,0.08697444703302587,0.07698759837353997,0.12633365007292388,1488739222704,5
testuser,0.09821596353322097,0.08488780406387496,0.07903406393140355,0.1346890330119605,1488739222806,5
testuser,0.10139942894259013,0.08241449665998564,0.08108354476233731,0.13406303529621816,1488739222911,5
testuser,0.09868644506348762,0.08140191806540739,0.08373063422071567,0.12823616964447707,1488739223013,5
testuser,0.08818139280517362,0.08078910877143117,0.08599927267033027,0.11612979088149686,1488739223113,5
testuser,0.07321159810880472,0.07906370609930963,0.08685834234025536,0.09657746634831307,1488739223217,5
testuser,0.06325028028229393,0.0779116282687395,0.08525024076884137,0.07759414702995626,1488739223318,5
testuser,0.06201493235250972,0.07834251969624163,0.08061801338923351,0.06740897828353727,1488739223419,5
testuser,0.06536094770441256,0.08121245409915828,0.07437033135673213,0.06594736556357829,1488739223520,5
testuser,0.0707868813191412,0.08701471496595117,0.06683213488966706,0.06889639375408713,1488739223623,5
testuser,0.07291199470333255,0.0943971267822801,0.0640984086301308,0.06860535532173988,1488739223726,5
testuser,0.07518727272410665,0.09933962502519293,0.0673116719591774,0.06889000009523563,1488739223827,5
testuser,0.07718501560137114,0.09517580294650317,0.07082938296402733,0.06985599575030998,1488739223928,5
testuser,0.0791562900059113,0.08452171337957996,0.0702677890730607,0.07133605655944596,1488739224030,5
testuser,0.0806394838601915,0.07305448417655325,0.06784810038218977,0.07315800847639053,1488739224132,5
testuser,0.08110100236624819,0.06516623646872727,0.06509069232266955,0.07414876525301756,1488739224234,5
testuser,0.08049175942502461,0.062272390253400825,0.06301022992194415,0.07433677130581652,1488739224336,5
testuser,0.07957370608679258,0.06279485016927294,0.06225830479959731,0.07476128946141279,1488739224436,5
testuser,0.07919537841044187,0.06431761550296769,0.06298887722411022,0.07573491790188913,1488739224538,5
testuser,0.07991887354907083,0.06465686871231345,0.057156385808633026,0.07814047168455272,1488739224644,5
testuser,0.08222080444881863,0.06420580260654105,0.042039091274462904,0.0821011022042405,1488739224745,5
testuser,0.07822073967726657,0.06481556126685462,0.03434894406679319,0.0979428803562481,1488739224850,5
testuser,0.08355644162966255,0.06801798654023868,0.0336167685726283,0.1187410261855895,1488739224952,5
testuser,0.09177360796706223,0.07320490887418032,0.03336189118635089,0.1301472368251266,1488739225053,5
testuser,0.09370081540935275,0.07773366787446935,0.032578672274526994,0.12884293853156564,1488739225155,5
testuser,0.09494605736534666,0.08076642263994924,0.03128483850755294,0.1078271013445021,1488739225256,5
testuser,0.0934300397377594,0.08215539577387035,0.029669934234766354,0.09772736191437775,1488739225358,5
testuser,0.09084209975414174,0.08475297322734633,0.028347358890542535,0.09499620141206803,1488739225460,5
testuser,0.08784196430748253,0.09049586976679327,0.027861160839909957,0.09461300476226561,1488739225560,5
testuser,0.08509301641035928,0.10136485711083656,0.028157067865326405,0.0952126572549892,1488739225661,5
testuser,0.08327432170104057,0.11481216941771198,0.02880713001541257,0.09600750405433346,1488739225763,5
testuser,0.0824850419454487,0.12446181174848064,0.029427258791916603,0.09701896651584445,1488739225863,5
testuser,0.08239718079558556,0.1269488831603448,0.029671042389691305,0.09820758219865337,1488739225968,5
testuser,0.08285547872722804,0.1236741391225015,0.029292440656847253,0.09909876850137031,1488739226070,5
testuser,0.08358360934926798,0.1219519528832217,0.028165218751459453,0.1000312176101548,1488739226172,5
testuser,0.08388944510127454,0.12392731969397115,0.026424915963713505,0.10068475061835175,1488739226273,5
testuser,0.08561811581380452,0.1258165795876535,0.024432926057478672,0.09730692431582043,1488739226374,5
testuser,0.08217178418668801,0.12159001052425368,0.027943357720381375,0.09055188203843434,1488739226476,5
testuser,0.07245319080953772,0.11033745600923463,0.04486126708904462,0.08015666541305423,1488739226579,5
testuser,0.06370462031928706,0.09623576946208565,0.09195820954373651,0.07113423425997373,1488739226680,5
testuser,0.05874499243133716,0.08348347487719884,0.12353719392093417,0.06779038464595834,1488739226785,5
testuser,0.17389313737782658,0.1464869837192892,0.004161408395775447,0.07400873576841731,1488739226,5
testuser,0.17389313737782658,0.1464869837192892,0.004161408395775447,0.07400873576841731,1488739226,5
testuser,0.17389313737782658,0.1464869837192892,0.004161408395775447,0.07400873576841731,1488739226,5
testuser,0.17389313737782658,0.1464869837192892,0.004161408395775447,0.07400873576841731,1488739226,5
testuser,0.17389313737782658,0.1464869837192892,0.004161408395775447,0.07400873576841731,1488739226,5
testuser,0.17389313737782658,0.1464869837192892,0.004161408395775447,0.07400873576841731,1488739226,5
testuser,0.17389313737782658,0.1464869837192892,0.004161408395775447,0.07400873576841731,1488739226,5
testuser,0.17389313737782658,0.1464869837192892,0.004161408395775447,0.07400873576841731,1488739226,5
testuser,0.17389313737782658,0.1464869837192892,0.004161408395775447,0.07400873576841731,1488739226,5
testuser,0.17389313737782658,0.1464869837192892,0.004161408395775447,0.07400873576841731,1488739226,5
testuser,0.17389313737782658,0.1464869837192892,0.004161408395775447,0.07400873576841731,1488739226,5
testuser,0.17389313737782658,0.1464869837192892,0.004161408395775447,0.07400873576841731,1488739226,5
testuser,0.17389313737782658,0.1464869837192892,0.004161408395775447,0.07400873576841731,1488739226,5
testuser,0.17389313737782658,0.1464869837192892,0.004161408395775447,0.07400873576841731,1488739226,5
testuser,0.17389313737782658,0.1464869837192892,0.004161408395775447,0.07400873576841731,1488739227,5
testuser,0.17389313737782658,0.1464869837192892,0.004161408395775447,0.07400873576841731,1488739227,5
testuser,0.17389313737782658,0.1464869837192892,0.004161408395775447,0.07400873576841731,1488739227,5
testuser,0.17389313737782658,0.1464869837192892,0.004161408395775447,0.07400873576841731,1488739227,5
testuser,0.17389313737782658,0.1464869837192892,0.004161408395775447,0.07400873576841731,1488739227,5
testuser,0.17389313737782658,0.1464869837192892,0.004161408395775447,0.07400873576841731,1488739227,5
testuser,0.17389313737782658,0.1464869837192892,0.004161408395775447,0.07400873576841731,1488739227,5
testuser,0.17389313737782658,0.1464869837192892,0.004161408395775447,0.07400873576841731,1488739227,5
testuser,0.17389313737782658,0.1464869837192892,0.004161408395775447,0.07400873576841731,1488739227,5
testuser,0.17389313737782658,0.1464869837192892,0.004161408395775447,0.07400873576841731,1488739227,5
testuser,0.17389313737782658,0.1464869837192892,0.004161408395775447,0.07400873576841731,1488739227,5
testuser,0.17389313737782658,0.1464869837192892,0.004161408395775447,0.07400873576841731,1488739227,5
testuser,0.17389313737782658,0.1464869837192892,0.004161408395775447,0.07400873576841731,1488739227,5
testuser,0.17389313737782658,0.1464869837192892,0.004161408395775447,0.07400873576841731,1488739227,5
testuser,0.17389313737782658,0.1464869837192892,0.004161408395775447,0.07400873576841731,1488739227,5
testuser,0.17389313737782658,0.1464869837192892,0.004161408395775447,0.07400873576841731,1488739227,5
testuser,0.17389313737782658,0.1464869837192892,0.004161408395775447,0.07400873576841731,1488739227,5
testuser,0.17389313737782658,0.1464869837192892,0.004161408395775447,0.07400873576841731,1488739227,5
testuser,0.17389313737782658,0.1464869837192892,0.004161408395775447,0.07400873576841731,1488739227,5
testuser,0.17389313737782658,0.1464869837192892,0.004161408395775447,0.07400873576841731,1488739227,5
testuser,0.17389313737782658,0.1464869837192892,0.004161408395775447,0.07400873576841731,1488739228,5
testuser,0.17389313737782658,0.1464869837192892,0.004161408395775447,0.07400873576841731,1488739228,5
testuser,0.17389313737782658,0.1464869837192892,0.004161408395775447,0.07400873576841731,1488739228,5
testuser,0.17389313737782658,0.1464869837192892,0.004161408395775447,0.07400873576841731,1488739228,5
testuser,0.17389313737782658,0.1464869837192892,0.004161408395775447,0.07400873576841731,1488739228,5
testuser,0.17389313737782658,0.1464869837192892,0.004161408395775447,0.07400873576841731,1488739228,5
testuser,0.17389313737782658,0.1464869837192892,0.004161408395775447,0.07400873576841731,1488739228,5
testuser,0.17389313737782658,0.1464869837192892,0.004161408395775447,0.07400873576841731,1488739228,5
testuser,0.17389313737782658,0.1464869837192892,0.004161408395775447,0.07400873576841731,1488739228,5
testuser,0.17389313737782658,0.1464869837192892,0.004161408395775447,0.07400873576841731,1488739228,5
testuser,0.17389313737782658,0.1464869837192892,0.004161408395775447,0.07400873576841731,1488739228,5
testuser,0.17389313737782658,0.1464869837192892,0.004161408395775447,0.07400873576841731,1488739228,5
testuser,0.17389313737782658,0.1464869837192892,0.004161408395775447,0.07400873576841731,1488739228,5
testuser,0.17389313737782658,0.1464869837192892,0.004161408395775447,0.07400873576841731,1488739228,5
testuser,0.17389313737782658,0.1464869837192892,0.004161408395775447,0.07400873576841731,1488739228,5
testuser,0.17389313737782658,0.1464869837192892,0.004161408395775447,0.07400873576841731,1488739228,5
testuser,0.17389313737782658,0.1464869837192892,0.004161408395775447,0.07400873576841731,1488739228,5
testuser,0.17389313737782658,0.1464869837192892,0.004161408395775447,0.07400873576841731,1488739228,5
testuser,0.17389313737782658,0.1464869837192892,0.004161408395775447,0.07400873576841731,1488739228,5
testuser,0.05652599348780431,0.07355140507887013,0.13249758740608114,0.06615667910986,1488739226896,5
testuser,0.06189220942541886,0.06487249292435217,0.13987992965888327,0.0643716510785086,1488739227012,5
testuser,0.0670785669518013,0.06380162029828886,0.13973086764637244,0.06332897649542049,1488739227143,5
testuser,0.07154926561037159,0.06408844283662606,0.13630144468492505,0.06297820672195517,1488739227261,5
testuser,0.07445798084085647,0.06389489553661569,0.1291499168572122,0.06333349942806582,1488739227360,5
testuser,0.07600067763074099,0.06241717729175655,0.12294721487342883,0.06484011943378648,1488739227461,5
testuser,0.07635087390440431,0.060846501633148274,0.1192518184249426,0.06758903246239181,1488739227561,5
testuser,0.07643957689295032,0.05913385003656725,0.11888184752814256,0.06994723873826295,1488739227662,5
testuser,0.07688685526418665,0.05693752767037271,0.11987831022676561,0.07177547143032251,1488739227784,5
testuser,0.07854878179069111,0.05545980392728106,0.11897736546151426,0.07348528132568366,1488739227887,5
testuser,0.0821758948657688,0.055191624154152685,0.11931049735658492,0.07657686357298596,1488739227988,5
testuser,0.08827084906709143,0.05666705647365151,0.12104103782730048,0.08340871225932124,1488739228089,5
testuser,0.10175359592976388,0.059400650392426944,0.12236703598912371,0.09770201098640349,1488739228190,5
testuser,0.12562219834654398,0.061767009635760775,0.12181491312850908,0.12594247953077353,1488739228291,5
testuser,0.1522432851738516,0.06333211831880256,0.11672897181379004,0.1660474415552234,1488739228392,5
testuser,0.1660085205869696,0.06362159030265578,0.10685909661357665,0.19099293586989383,1488739228493,5
testuser,0.1659750372966512,0.06519649826679927,0.09300283747161978,0.193756757609583,1488739228607,5
testuser,0.15910360603219575,0.06818066065967845,0.07917776985625423,0.18471589984521314,1488739228708,5
testuser,0.1564364028196239,0.06998769680901981,0.06815175360957866,0.17188243795690344,1488739228808,5
testuser,0.16520252846375028,0.077613706262139,0.05883214138040355,0.15769830702548887,1488739228914,5
testuser,0.16520252846375028,0.077613706262139,0.05883214138040355,0.15769830702548887,1488739229013,5
testuser,0.17035954885316923,0.08180072055628959,0.056489786202510196,0.1534427287751333,1488739229114,5
testuser,0.17283675628678316,0.08522871994902888,0.052803363388143745,0.15141701171924796,1488739229214,5
testuser,0.17493985518796873,0.08717544737291757,0.05011038623070727,0.15069670950864017,1488739229315,5
testuser,0.17770684041813153,0.08743697220795439,0.0496492356772923,0.15280800998597108,1488739229415,5
testuser,0.1816676880092561,0.08642650292798225,0.04996344079669234,0.15474385569981977,1488739229515,5
testuser,0.18679383397861496,0.08460843854401297,0.050153297069300835,0.15531019963257056,1488739229616,5
testuser,0.19317922350580888,0.08378556637939873,0.05025000402872962,0.1535843324041843,1488739229717,5
testuser,0.19786498788046095,0.0842095130517584,0.050332352863150076,0.15048915232171664,1488739229818,5
testuser,0.19928589915298475,0.08535422006426611,0.05038280652203249,0.14912156000019056,1488739229919,5
testuser,0.1986013264389381,0.08693990596274248,0.050768075830533284,0.15090513752045978,1488739230020,5
testuser,0.19870458418720194,0.0890003761544116,0.051865293376430435,0.15521862801595207,1488739230121,5
testuser,0.19902314828376297,0.09024238074858298,0.053914687318429105,0.16268519802101655,1488739230222,5
testuser,0.20106151200273795,0.08896923038390689,0.056100786740438974,0.17014178539086122,1488739230326,5
testuser,0.2046635963701168,0.08673423205618294,0.05740959544676385,0.17559814492498868,1488739230427,5
testuser,0.20771106327392913,0.08688051214093877,0.05756370018554686,0.17714753866630795,1488739230528,5
testuser,0.21323973922184522,0.09062921187670218,0.05716500832273542,0.1759421185475222,1488739230629,5
testuser,0.2209695330682488,0.09482034234708413,0.05633118184301699,0.17086806733159562,1488739230730,5
testuser,0.2293291871463934,0.09903092196112626,0.05515687071651472,0.16538625783466593,1488739230832,5
testuser,0.23688536981636463,0.1074548221767378,0.05403759924990104,0.1581132673675602,1488739230933,5
testuser,0.24114209810270593,0.11629239699322351,0.05089619370712734,0.14661792349133412,1488739231034,5
testuser,0.24298970365812242,0.12117426655270318,0.04591155049481081,0.13464292431057215,1488739231135,5
testuser,0.24452607113465974,0.11866472992491649,0.04105215728526122,0.1285806029055368,1488739231236,5
testuser,0.24436403561762401,0.11514115868209407,0.03859092070230468,0.12571466627620648,1488739231337,5
testuser,0.24141422474965016,0.11464194930672938,0.03871917209791794,0.12274863789951183,1488739231438,5
testuser,0.23933719254063898,0.11407533149678026,0.039532653538444866,0.11864442956988264,1488739231538,5
testuser,0.23706823785109038,0.11034081737262665,0.04031440576492764,0.11320480063086544,1488739231639,5
testuser,0.2360116480547203,0.1021197315867881,0.04091502195165625,0.10786235936261981,1488739231740,5
testuser,0.23772349253619318,0.09223366082084004,0.04181363720758631,0.10624184218411993,1488739231841,5
testuser,0.2403807416303044,0.08300809392665129,0.04358012939662087,0.10837128372759135,1488739231942,5
testuser,0.24023368962067293,0.0749456719213539,0.04620009468900838,0.11527911685926401,1488739232043,5
testuser,0.2331442123511742,0.06787262685145239,0.048731700630807624,0.1260873837809848,1488739232145,5
testuser,0.21482671037341391,0.0611681006541537,0.051053895877115285,0.1354619409488178,1488739232246,5
testuser,0.19032829465858436,0.055058285388499564,0.05394172679045797,0.14161365650653912,1488739232347,5
testuser,0.17166308933525043,0.05092843949521569,0.0586589427587224,0.14733267949667855,1488739232448,5
testuser,0.15899270931405587,0.04839170648107077,0.06685542758687937,0.15550942852594024,1488739232549,5
testuser,0.1464816636130144,0.04832760759896967,0.08173343677116106,0.17132498550962927,1488739232650,5
testuser,0.13532959524065746,0.049775074832365505,0.10493921102478754,0.1900336972162076,1488739232751,5
testuser,0.12752923595206805,0.05089024517107361,0.12986259502851347,0.2054292146918892,1488739232866,5
testuser,0.12354452919434727,0.05068613808126381,0.1448506160930367,0.21297605009525966,1488739232967,5
testuser,0.12119471885744537,0.04929071606321868,0.15015680986787214,0.2138711520450699,1488739233069,5
testuser,0.11878674220610919,0.04955241705702867,0.1491982283205954,0.21242114727811384,1488739233169,5
testuser,0.11567049442313979,0.05242563798540344,0.14647583787950913,0.20755441208868375,1488739233271,5
testuser,0.11218939483122013,0.058180150259491165,0.1478943280740737,0.20132435955397027,1488739233372,5
testuser,0.109807952313883,0.06715285551868559,0.14998142586605148,0.19414946242317946,1488739233473,5
testuser,0.10820796916602972,0.07724031798310169,0.15023233882929174,0.18496367920931842,1488739233573,5
testuser,0.1076712930197726,0.08433695500189843,0.1486219902547639,0.17505532546028416,1488739233675,5
testuser,0.10762863011694758,0.08846811230371418,0.14651059556894214,0.1661169403067424,1488739233775,5
testuser,0.110010249669118,0.09067029822047971,0.14236291471127344,0.15894000877585648,1488739233877,5
testuser,0.11680845544649865,0.09142617533039529,0.13484585085246556,0.15350277081782962,1488739233979,5
testuser,0.13204717688261036,0.0897819326433839,0.1234679208198577,0.1500776988351876,1488739234081,5
testuser,0.14848540152971973,0.08764836935766965,0.11352542698237184,0.15013267822000398,1488739234183,5
testuser,0.1586219384987213,0.0850262928072017,0.1092181330923732,0.15097693481602273,1488739234284,5
testuser,0.16305374596487943,0.08531889580732757,0.10768240817619515,0.14808278959952223,1488739234387,5
testuser,0.1670619867827998,0.09170961110867887,0.10737130679839502,0.14196736603914292,1488739234490,5
testuser,0.17094802499619888,0.10327264696971473,0.10731819587442701,0.13387089683290093,1488739234591,5
testuser,0.1742593965652262,0.11433271033035229,0.10511531388712851,0.12353580776341713,1488739234692,5
testuser,0.17043351827994882,0.11851813507324983,0.09514924674099606,0.11539623139629697,1488739234793,5
testuser,0.1620694842349605,0.11190915112862256,0.07761920275163793,0.11039400951508524,1488739234896,5
testuser,0.15231687205432953,0.10234200992859224,0.06355639427537262,0.10603275950081602,1488739234997,5
testuser,0.14211817631427143,0.0949843170324229,0.05407479883408562,0.10091024588660248,1488739235100,5
testuser,0.13327640488132877,0.090780552336597,0.04726338905049689,0.09538199007653489,1488739235201,5
testuser,0.12687814462812547,0.08898548764154748,0.04197174151765558,0.09312693882666385,1488739235302,5
testuser,0.12143150270675705,0.08863740753393637,0.03725054249788313,0.09246447406163112,1488739235403,5
testuser,0.11458708373010576,0.08882508974135568,0.0335559648933174,0.09270467726006695,1488739235505,5
testuser,0.10442143906832083,0.08862278667399758,0.03162837068854181,0.09374859910253945,1488739235606,5
testuser,0.09186733954100723,0.08788110499246098,0.0319622171851223,0.09449446475385727,1488739235707,5
testuser,0.07881900147813595,0.08648037651480159,0.034791123998173974,0.09433366006139157,1488739235809,5
testuser,0.06611364851277715,0.08372941253659992,0.038175028087600926,0.09519941126911023,1488739235911,5
testuser,0.05796508283253757,0.08019704774885095,0.0393603520607487,0.09592845601585621,1488739236013,5
testuser,0.05214482554583528,0.07555130205873017,0.039771279586727125,0.09581148202660084,1488739236113,5
testuser,0.04481866506226531,0.07129808174275494,0.04029793744872189,0.08820322965859773,1488739236216,5
testuser,0.037428653786167006,0.06837572166003913,0.0415088339735534,0.07364089292157792,1488739236316,5
testuser,0.03268788321628647,0.0668204503245703,0.043722940643932354,0.060373613119233435,1488739236419,5
testuser,0.03156021142562606,0.06746023470745532,0.04903511346575501,0.05384026280819939,1488739236520,5
testuser,0.031562147928398246,0.06635416979147998,0.0575514063927332,0.050319217062506395,1488739236622,5
testuser,0.031911446360808206,0.06531812575074825,0.06634941414231614,0.049276989346612135,1488739236726,5
testuser,0.0325098595369237,0.06497714075744768,0.07489386973906727,0.049035568236691786,1488739236827,5
testuser,0.03314610902053733,0.0644787280395564,0.08332673509935745,0.0492522809508913,1488739236929,5
testuser,0.03359551353112554,0.06367317399733803,0.08973080114936849,0.049035583054612614,1488739237031,5
testuser,0.03385089812390358,0.061634527315927584,0.09162422303896911,0.048527993614871145,1488739237133,5
testuser,0.03403883289311475,0.05864869252151593,0.09000375406466447,0.04828329907923934,1488739237244,5
testuser,0.03421289077675893,0.05564345285031374,0.08671321311826574,0.04780031991847151,1488739237357,5
testuser,0.03431783301600413,0.05355686579995505,0.08223614575771669,0.047609747209608866,1488739237459,5
testuser,0.034135122614160206,0.049912773006672774,0.0753624099020512,0.047397725902412556,1488739237559,5
testuser,0.03344994838770096,0.04772044571955323,0.06756657440662586,0.04687173959281989,1488739237660,5
testuser,0.032353357947501604,0.04675173356069553,0.06122108643357989,0.047217710733944145,1488739237761,5
testuser,0.03136055823728862,0.04613346475838633,0.055456347462435315,0.04958127154875594,1488739237862,5
testuser,0.032253937052059214,0.046558891903516704,0.05309298067750416,0.05617281544835849,1488739237963,5
testuser,0.05141780408913584,0.051682311333024464,0.051933265932434435,0.08880720088999548,1488739238068,5
testuser,0.05141780408913584,0.051682311333024464,0.051933265932434435,0.08880720088999548,1488739238168,5
testuser,0.06256755518902711,0.05505643814195833,0.05196335169312572,0.09939450874747462,1488739238269,5
testuser,0.06753823001940451,0.05840851434866092,0.05200160455652046,0.10461259434513012,1488739238369,5
testuser,0.07349638873454625,0.06435587378548649,0.05222135496014685,0.1076659700676531,1488739238478,5
testuser,0.07386777023829477,0.06612343071567704,0.05314125949160061,0.10547182101252872,1488739238579,5
testuser,0.07386777023829477,0.06612343071567704,0.05314125949160061,0.10547182101252872,1488739238680,5
testuser,0.07121167316744251,0.06725494127398357,0.054555929059393216,0.1001577968710495,1488739238781,5
testuser,0.0680115807605021,0.06702402540300093,0.055712893668844195,0.09632029120156317,1488739238881,5
testuser,0.06596133565024034,0.06578039249320329,0.055862036304446076,0.09274997702773739,1488739238982,5
testuser,0.06600850558869692,0.06234043218563369,0.054341861728477985,0.0944050837586865,1488739239102,5
testuser,0.06907457143838062,0.058787678845242664,0.05291544947637545,0.09930615475236787,1488739239223,5
testuser,0.07366545025817249,0.05250931786845615,0.049230085703779,0.1038536905699797,1488739239323,5
testuser,0.07366545025817249,0.05250931786845615,0.049230085703779,0.1038536905699797,1488739239424,5
testuser,0.07775715438233059,0.04730469403214096,0.044839661594977105,0.10619446729353736,1488739239525,5
testuser,0.08280808693191727,0.04044568714823348,0.04023230799055687,0.10210275626033587,1488739239624,5
testuser,0.08446304162450831,0.03833333717851935,0.038417061132113635,0.09892868140818702,1488739239725,5
testuser,0.08473064400114017,0.036544449014948,0.0362618613639613,0.0956078599492482,1488739239826,5
testuser,0.08313252146507269,0.034864890648651524,0.033977251658862104,0.0921869570304168,1488739239927,5
testuser,0.07935477904154274,0.03332857196920738,0.0318334656297496,0.08836495793556057,1488739240057,5
testuser,0.07587250273568809,0.032170208178344276,0.029996668204880842,0.08648224282937976,1488739240157,5
testuser,0.07458701310286353,0.03183472588085057,0.028487526504009333,0.08742438352918727,1488739240259,5
testuser,0.07737541903793878,0.031032563614198,0.027401030324845345,0.09237750367116114,1488739240364,5
testuser,0.08555873993519288,0.028807312011489287,0.02694479760604721,0.1004068873949968,1488739240465,5
testuser,0.09406246544666712,0.025907371304982326,0.027057132905248468,0.10677507551563092,1488739240566,5
testuser,0.09673033038644727,0.0241181282840935,0.02757477280964824,0.11021966790105671,1488739240667,5
testuser,0.09644930260640348,0.02345971127897363,0.028680333326206685,0.1093238276154369,1488739240768,5
testuser,0.09533555450470778,0.02364794393769824,0.030187252318734134,0.10806304851196154,1488739240872,5
testuser,0.09552342075520696,0.02434139021254992,0.032069928094083607,0.10957633762485715,1488739240974,5
testuser,0.09572212530820658,0.025075167795772728,0.03470097092567942,0.11409324050488993,1488739241074,5
testuser,0.09449962832050808,0.025218216652843753,0.03892857800704708,0.11501320374003979,1488739241175,5
testuser,0.09030686227916002,0.025067453208123175,0.04276108332240768,0.11468492543236189,1488739241304,5
testuser,0.0852308505620385,0.02506769882144655,0.04463693885606309,0.11459210379839689,1488739241406,5
testuser,0.08239898508088463,0.025373606962421465,0.0467375713889659,0.1196452869094107,1488739241507,5
testuser,0.08648056581694695,0.025769010123167006,0.04880600614922635,0.13496986120340174,1488739241626,5
testuser,0.09078427750997396,0.025522888829425886,0.049831536723992896,0.13715383233686582,1488739241747,5
testuser,0.09078427750997396,0.025522888829425886,0.049831536723992896,0.13715383233686582,1488739241848,5
testuser,0.09817340537236492,0.02482501199819383,0.05375202504161179,0.1257124368387204,1488739241975,5
testuser,0.10155435038690282,0.025114757171387066,0.05571359242141695,0.1218505581528469,1488739242077,5
testuser,0.10798526969187161,0.02770400389824798,0.05636605001677102,0.12142761568182851,1488739242178,5
testuser,0.11743058823883275,0.03352376388615007,0.05060855804199362,0.1233457361380588,1488739242279,5
testuser,0.12832193795759267,0.03837153180109654,0.04436986296626607,0.1251977715780635,1488739242386,5
testuser,0.13536158839292234,0.04067429377166885,0.04007377430324103,0.12859779941358207,1488739242487,5
testuser,0.14336327195717866,0.04249827244345441,0.03779217095514737,0.1377294694248065,1488739242588,5
testuser,0.14850768689763477,0.04466271649185456,0.03638464567755996,0.1438321066301984,1488739242708,5
testuser,0.1516782975131099,0.046222661244553355,0.03567665685694099,0.1481758939006952,1488739242809,5
testuser,0.1539038585921545,0.0426864205650716,0.03591827477711018,0.14893604649323702,1488739242912,5
testuser,0.15485408583621244,0.04247549456186655,0.036330517863125265,0.14687199084616107,1488739243013,5
testuser,0.15528938650659982,0.04210004663841868,0.03694879602479411,0.1451572916823887,1488739243114,5
testuser,0.15821328897636552,0.041994792048529433,0.03761211056408587,0.1451069264928714,1488739243214,5
testuser,0.1593287560455306,0.04239978871824784,0.03817060495036696,0.14685782222406302,1488739243316,5
testuser,0.16186270336784842,0.04342509405313797,0.038534028788922856,0.14822654119846596,1488739243417,5
testuser,0.16601713743042953,0.04519303168124388,0.03876889780699668,0.14613827213973618,1488739243523,5
testuser,0.17117565599436133,0.04754829071839125,0.038726787073443986,0.1421409473597473,1488739243626,5
testuser,0.17608655009390717,0.05012628421278772,0.0382991765507072,0.13765853623118085,1488739243727,5
testuser,0.17696648938311524,0.052875177820826784,0.03776784608796148,0.13230888423800796,1488739243828,5
testuser,0.1694379541902679,0.05599150779823351,0.03676159019810616,0.13025765207755102,1488739243929,5
testuser,0.15225298295849646,0.05285829570075063,0.03415591117134362,0.12687396774837797,1488739244030,5
testuser,0.12278320782182708,0.049473518243993285,0.030531903259449125,0.11613682918327417,1488739244131,5
testuser,0.09653509938383102,0.04486859054312054,0.029310575586946115,0.10477624838532616,1488739244233,5
testuser,0.08402466882145807,0.04001403848167662,0.029646855076799986,0.09592279008863004,1488739244333,5
testuser,0.08121182040713193,0.039920610105237946,0.030892678376874965,0.09537785148494553,1488739244435,5
testuser,0.08421382057583089,0.0407031715260237,0.03243773773620199,0.09898596273123636,1488739244536,5
testuser,0.09098207860144969,0.04261043834081173,0.033810100023446005,0.10263513252199187,1488739244637,5
testuser,0.09823111575450377,0.04533444154829132,0.034950016034573,0.10507664751215023,1488739244738,5
testuser,0.10397177523298329,0.047827470773568,0.03582936244587078,0.1061561698934267,1488739244841,5
testuser,0.1088998576479159,0.049633154108469545,0.036336565248953206,0.10935043102295233,1488739244948,5
testuser,0.11276757542996337,0.051185972342956784,0.036434935414815066,0.11491833353566694,1488739245051,5
testuser,0.11594090707433521,0.05285895437947807,0.03645235065078896,0.1201535957372371,1488739245153,5
testuser,0.11861209136742866,0.05497945236485383,0.03683910461536628,0.12457355153642868,1488739245254,5
testuser,0.1215223331914039,0.057623855739470375,0.037821331141211785,0.1242322513870923,1488739245357,5
testuser,0.12427838067998843,0.06043956137982402,0.039341918614123686,0.12152185532726882,1488739245471,5
testuser,0.1273155072592719,0.06603918338032544,0.04141801727385131,0.11991985156025398,1488739245572,5
testuser,0.13268120605282657,0.0727928506380048,0.047048913366737555,0.11993175343022129,1488739245676,5
testuser,0.13939375007124832,0.08304087506507363,0.05907422933306981,0.1238041693650353,1488739245778,5
testuser,0.15130077377890352,0.09727934359416318,0.07794280834007669,0.13226076398218622,1488739245879,5
testuser,0.14062115162413624,0.11261626068818305,0.0961398364021792,0.14619197405904757,1488739245990,5
testuser,0.14062115162413624,0.11261626068818305,0.0961398364021792,0.14619197405904757,1488739246091,5
testuser,0.10160835373433685,0.11083142501678561,0.09521264594710237,0.13950723091025824,1488739246194,5
testuser,0.07363474945334234,0.1075134268873045,0.09480298357498232,0.12573612325286454,1488739246296,5
testuser,0.06034459396710141,0.10472568210148578,0.09565302716301832,0.1123994488855541,1488739246398,5
testuser,0.048489430422363464,0.10592479071019772,0.09857043740201729,0.09308081660205607,1488739246500,5
testuser,0.04605589818387768,0.10708943248963144,0.10102450698646219,0.08884439309123927,1488739246605,5
testuser,0.04605589818387768,0.10708943248963144,0.10102450698646219,0.08884439309123927,1488739246708,5
testuser,0.044025524499016526,0.1057354039773049,0.10446863225998618,0.08665065860586584,1488739246811,5
testuser,0.039001579122926705,0.09351596300177231,0.11496138425530024,0.08648194244798682,1488739246932,5
testuser,0.03654807418060985,0.08590304995378652,0.12409288447966042,0.08840259771390707,1488739247033,5
testuser,0.0349392747918399,0.07812625355746423,0.1350920327078151,0.09109412127448825,1488739247148,5
testuser,0.03446862593525852,0.06684847190364494,0.12627826903697673,0.0918288687141446,1488739247249,5
testuser,0.035091150049070666,0.05308997561999824,0.08854202016187625,0.08870534132312753,1488739247361,5
testuser,0.036486177877894745,0.04047325125913457,0.051971831763562376,0.0787010431042477,1488739247482,5
testuser,0.038548721771064935,0.031880208668490576,0.030534253739592353,0.06489379446267647,1488739247583,5
testuser,0.04198158853918481,0.02668212296387755,0.01977830549666488,0.05337369868436031,1488739247685,5
